{"initial_reset_timestamp": 1552257740.8909688, "timestamps": [1552257774.518701, 1552257776.2868555, 1552257778.0791554, 1552257779.6326988, 1552257781.3429463, 1552257783.0580504, 1552257784.8241777, 1552257786.582303, 1552257788.3322463, 1552257789.925453, 1552257791.4536073, 1552257792.9596455, 1552257794.4850929, 1552257795.9761858, 1552257797.3020935, 1552257798.7206695, 1552257800.247009, 1552257801.804834, 1552257803.3568053, 1552257804.8626852, 1552257806.4037986, 1552257807.9359279, 1552257809.482093, 1552257811.0358152, 1552257812.5684736, 1552257814.122234], "episode_lengths": [1000, 1000, 1000, 1000, 1000, 1000, 1000, 1000, 1000, 1000, 1000, 1000, 1000, 1000, 1000, 1000, 1000, 1000, 1000, 1000, 1000, 1000, 1000, 1000, 1000, 1000], "episode_rewards": [474.5029459468507, 536.4622981287496, 493.7200890085755, 428.00120192038156, 439.47979155044146, 394.0139343664956, 568.9907742849047, 533.6576008118318, 594.2898907646692, 541.0843885900625, 595.1918934937731, 458.97883402355774, 547.2617010839112, 500.44156878473495, 480.50405735828053, 566.8026243811644, 583.5795465970397, 470.7306712063796, 494.9901407509287, 563.8260633466602, 556.2983882155066, 509.46428690521174, 446.0781518031801, 474.4716308443951, 454.0106670563309, 476.1723755000034], "episode_types": ["t", "t", "t", "t", "t", "t", "t", "t", "t", "t", "t", "t", "t", "t", "t", "t", "t", "t", "t", "t", "t", "t", "t", "t", "t", "t"]}