{"initial_reset_timestamp": 1552257055.0721183, "timestamps": [1552257055.188564, 1552257055.2742925, 1552257055.348592, 1552257055.4343297, 1552257055.5630825, 1552257055.6330934, 1552257055.7116776, 1552257055.797103, 1552257055.8672895, 1552257055.939077, 1552257056.0172393, 1552257056.0880399, 1552257056.1604304, 1552257056.2375815, 1552257056.3080208, 1552257056.3782096, 1552257056.4517367, 1552257056.5231621, 1552257056.593344, 1552257056.6707888, 1552257056.7404394, 1552257056.8121428, 1552257056.8817685, 1552257056.953594, 1552257057.0279863], "episode_lengths": [295, 266, 245, 245, 300, 238, 266, 266, 238, 238, 238, 238, 244, 261, 239, 238, 248, 238, 238, 263, 238, 245, 238, 245, 238], "episode_rewards": [-45.6373291015625, -41.02009963989258, -37.550086975097656, -37.550086975097656, -46.48973083496094, -36.342872619628906, -41.01810836791992, -41.019371032714844, -36.35431671142578, -36.36463165283203, -36.36463165283203, -36.36463165283203, -36.98561096191406, -40.11794662475586, -36.387569427490234, -36.36463165283203, -37.73896408081055, -36.36463165283203, -36.36463165283203, -40.43354415893555, -36.36463165283203, -37.550086975097656, -36.36463165283203, -37.550086975097656, -36.36463165283203], "episode_types": ["t", "t", "t", "t", "t", "t", "t", "t", "t", "t", "t", "t", "t", "t", "t", "t", "t", "t", "t", "t", "t", "t", "t", "t", "t"]}