{"initial_reset_timestamp": 1548620898.3024383, "timestamps": [1548621066.1420248, 1548621068.8052351, 1548621071.4627059, 1548621074.1222377, 1548621076.820722, 1548621079.622615, 1548621082.3016765, 1548621084.9258084, 1548621087.5593946, 1548621090.2900174, 1548621093.0176523, 1548621095.6741297, 1548621098.3324435, 1548621100.984867, 1548621103.6423395, 1548621106.4180176, 1548621109.126812, 1548621111.8115458, 1548621114.497481, 1548621117.1990767, 1548621119.815627, 1548621122.6052277, 1548621125.483297, 1548621128.2924807, 1548621131.1153352, 1548621133.936535], "episode_lengths": [10000, 10000, 10000, 10000, 10000, 10000, 10000, 10000, 10000, 10000, 10000, 10000, 10000, 10000, 10000, 10000, 10000, 10000, 10000, 10000, 10000, 10000, 10000, 10000, 10000, 10000], "episode_rewards": [10805.911431223329, 10943.134281182374, 10418.953632596127, 10629.486602165023, 10515.653091915796, 10922.829566178923, 10531.330321631045, 10775.290386449917, 10561.723114652676, 10225.477050825119, 10069.420181821508, 10127.108335110985, 10181.031048683471, 10121.276224050769, 10060.653414361237, 10039.164018174342, 10602.120433126416, 10095.39690644874, 10403.36905371302, 10559.558107170247, 10185.346536530007, 10408.122019526532, 10807.26623409307, 10627.181684206022, 10503.564615253752, 10170.1503379188], "episode_types": ["t", "t", "t", "t", "t", "t", "t", "t", "t", "t", "t", "t", "t", "t", "t", "t", "t", "t", "t", "t", "t", "t", "t", "t", "t", "t"]}