{"initial_reset_timestamp": 1548622740.5669026, "timestamps": [1548622740.5909467, 1548622740.6069314, 1548622740.6290395, 1548622740.6616385, 1548622740.7009368, 1548622740.744653, 1548622740.7618701, 1548622740.7945802, 1548622740.8176394, 1548622740.8456995, 1548622740.8790932, 1548622740.9024594, 1548622740.9439082, 1548622740.9666903, 1548622740.9920678, 1548622741.0165818, 1548622741.0462298, 1548622741.0723495, 1548622741.1263764, 1548622741.1454172, 1548622741.1963563, 1548622741.2227025, 1548622741.2758641, 1548622741.2985442, 1548622741.3238456, 1548622741.3481438, 1548622741.382204, 1548622741.3962073, 1548622741.4144886, 1548622741.4292984, 1548622741.4441955, 1548622741.4690523, 1548622741.4943578, 1548622741.5387893, 1548622741.5531096, 1548622741.5817766, 1548622741.6266727, 1548622741.6465833, 1548622741.6784332, 1548622741.6985693, 1548622741.7195036, 1548622741.7636142, 1548622741.7872689, 1548622741.8179138, 1548622741.8444715, 1548622741.8709621, 1548622741.9164774, 1548622741.943347, 1548622741.9750748, 1548622742.005495, 1548622742.0350697, 1548622742.0604787, 1548622742.0908904, 1548622742.1074035, 1548622742.1527936, 1548622742.1801827, 1548622742.2050796, 1548622742.2394953, 1548622742.2961886, 1548622742.3224108, 1548622742.362107, 1548622742.389851, 1548622742.4196894, 1548622742.4532974, 1548622742.4818597, 1548622742.510658, 1548622742.5310075, 1548622742.5594296, 1548622742.59873, 1548622742.6282692, 1548622742.6531231, 1548622742.67114, 1548622742.6957664, 1548622742.7219815, 1548622742.7456827, 1548622742.7882977, 1548622742.8328326, 1548622742.8603272, 1548622742.881836, 1548622742.9163167, 1548622742.9428983, 1548622742.9699469, 1548622743.0119696, 1548622743.0426514, 1548622743.071462, 1548622743.1165013, 1548622743.1408541, 1548622743.1655602, 1548622743.1866236, 1548622743.2150807, 1548622743.2614217, 1548622743.2814023, 1548622743.3042357, 1548622743.3607123, 1548622743.387892, 1548622743.4260752, 1548622743.4483511, 1548622743.468011, 1548622743.5111363, 1548622743.529268, 1548622743.550807, 1548622743.5820093, 1548622743.6047294, 1548622743.6420882, 1548622743.6783752, 1548622743.7046828, 1548622743.7306333, 1548622743.7688105, 1548622743.7947512, 1548622743.8171463, 1548622743.8508816, 1548622743.8712268, 1548622743.890768, 1548622743.9163759, 1548622743.9295447, 1548622743.964597, 1548622744.0020096, 1548622744.050993, 1548622744.0789118, 1548622744.0967991, 1548622744.1424246, 1548622744.1745188, 1548622744.221657, 1548622744.2540803, 1548622744.2943318, 1548622744.3201349, 1548622744.3486764, 1548622744.386625, 1548622744.4233694, 1548622744.4466155, 1548622744.4662087, 1548622744.4873788, 1548622744.533605, 1548622744.562302, 1548622744.5987873, 1548622744.624334, 1548622744.6550598, 1548622744.671567, 1548622744.6921113, 1548622744.7546906, 1548622744.781168, 1548622744.8003187, 1548622744.8274446, 1548622744.8667526, 1548622744.9157026, 1548622744.939138, 1548622744.99631, 1548622745.024658, 1548622745.0895145, 1548622745.117594, 1548622745.1402268, 1548622745.167132, 1548622745.1987798, 1548622745.209743, 1548622745.249739, 1548622745.2881198, 1548622745.3118567, 1548622745.3303506, 1548622745.3654206, 1548622745.389617, 1548622749.1027586, 1548622752.5772989, 1548622756.0674663, 1548622759.4565754, 1548622927.9490473, 1548622930.292724, 1548622932.5368114, 1548622934.8437078, 1548622937.1897678, 1548622939.4256854, 1548622941.8124619, 1548622944.197214, 1548622946.590399, 1548622948.95056, 1548622951.315318, 1548622953.6679502, 1548622956.0467095, 1548622958.4347942, 1548622960.7730935, 1548622963.042416, 1548622965.2726338, 1548622967.505759, 1548622969.7197225, 1548622971.9398468, 1548622974.1387568, 1548622976.3485672, 1548622978.5501468, 1548622980.7727518, 1548622982.9804273, 1548622985.2014794], "episode_lengths": [118, 81, 115, 166, 202, 232, 91, 173, 119, 147, 173, 123, 220, 121, 134, 131, 162, 140, 292, 100, 277, 144, 285, 118, 118, 128, 176, 72, 95, 78, 78, 130, 131, 236, 77, 152, 243, 105, 168, 106, 109, 228, 123, 159, 138, 138, 242, 143, 168, 160, 156, 135, 162, 86, 238, 119, 129, 173, 277, 137, 207, 144, 155, 158, 146, 153, 107, 151, 210, 158, 129, 91, 128, 133, 124, 220, 226, 141, 110, 176, 133, 142, 221, 163, 151, 231, 129, 124, 108, 140, 232, 105, 123, 302, 144, 195, 118, 102, 224, 94, 113, 166, 119, 177, 167, 137, 131, 194, 134, 110, 173, 103, 102, 135, 67, 178, 189, 247, 146, 94, 245, 170, 251, 172, 216, 140, 154, 205, 198, 121, 105, 111, 245, 148, 189, 137, 162, 88, 110, 339, 140, 102, 144, 211, 261, 125, 307, 152, 336, 151, 121, 145, 167, 57, 213, 206, 126, 97, 195, 102, 10000, 10000, 10000, 10000, 10000, 10000, 10000, 10000, 10000, 10000, 10000, 10000, 10000, 10000, 10000, 10000, 10000, 10000, 10000, 10000, 10000, 10000, 10000, 10000, 10000, 10000, 10000, 10000, 10000, 10000],