{"initial_reset_timestamp": 1552257057.0301626, "timestamps": [1552257058.763982, 1552257059.6042347, 1552257059.8588176, 1552257059.9837172, 1552257060.1167328, 1552257060.237415, 1552257060.3470747, 1552257060.4851542, 1552257060.5998387, 1552257060.704669, 1552257060.837954, 1552257060.936906, 1552257061.0199773, 1552257061.0965867, 1552257061.2038014, 1552257061.3192542, 1552257061.405159, 1552257061.5209184, 1552257061.6181724, 1552257061.6998084, 1552257061.7900121, 1552257061.8684726, 1552257061.9460747, 1552257062.023429, 1552257062.1097407, 1552257062.203223, 1552257062.2827883, 1552257062.3604693, 1552257062.43825, 1552257062.5188417, 1552257062.5980453, 1552257062.6955879, 1552257062.7842033, 1552257062.8627536, 1552257062.9399858], "episode_lengths": [5000, 307, 238, 266, 266, 238, 238, 238, 238, 238, 266, 238, 239, 238, 240, 265, 238, 292, 238, 238, 266, 238, 238, 238, 266, 288, 245, 238, 238, 238, 245, 272, 266, 238, 238], "episode_rewards": [-815.7396850585938, -47.28799819946289, -36.36463165283203, -41.00574493408203, -40.961669921875, -36.36463165283203, -36.36463165283203, -36.36463165283203, -36.36463165283203, -36.36463165283203, -41.01374435424805, -36.36463165283203, -36.39567565917969, -36.36463165283203, -36.486080169677734, -40.72557067871094, -36.36463165283203, -44.98984146118164, -36.36463165283203, -36.36463165283203, -41.021400451660156, -36.36463165283203, -36.36463165283203, -36.36463165283203, -41.01707077026367, -44.25917053222656, -37.550086975097656, -36.36463165283203, -36.36463165283203, -36.36463165283203, -37.550086975097656, -41.85252380371094, -40.930809020996094, -36.36463165283203, -36.36463165283203], "episode_types": ["t", "t", "t", "t", "t", "t", "t", "t", "t", "t", "t", "t", "t", "t", "t", "t", "t", "t", "t", "t", "t", "t", "t", "t", "t", "t", "t", "t", "t", "t", "t", "t", "t", "t", "t"]}