{"initial_reset_timestamp": 1548622516.158804, "timestamps": [1548622683.2466462, 1548622685.4993737, 1548622687.742395, 1548622690.0035477, 1548622692.2518132, 1548622694.4930341, 1548622696.7245545, 1548622698.9686928, 1548622701.208013, 1548622703.4457283, 1548622705.748838, 1548622708.052032, 1548622710.2951372, 1548622712.520165, 1548622714.7587862, 1548622717.1080608, 1548622719.52614, 1548622721.9921846, 1548622724.4114153, 1548622726.7913027, 1548622729.114288, 1548622731.471942, 1548622733.8249147, 1548622736.0648425, 1548622738.3244789, 1548622740.5629232], "episode_lengths": [10000, 10000, 10000, 10000, 10000, 10000, 10000, 10000, 10000, 10000, 10000, 10000, 10000, 10000, 10000, 10000, 10000, 10000, 10000, 10000, 10000, 10000, 10000, 10000, 10000, 10000], "episode_rewards": [19999.983023285866, 19999.953862011433, 19999.950481057167, 19999.967134714127, 19999.94312942028, 19999.956139802933, 19999.97448426485, 19999.982587993145, 19999.92976641655, 19999.969747424126, 19999.98125332594, 19999.934518754482, 19999.976161003113, 19999.942259073257, 19999.983267724514, 19999.946746110916, 19999.98292386532, 19999.968717753887, 19999.941972613335, 19999.917243361473, 19999.89155292511, 19999.96797412634, 19999.982049942017, 19999.98345297575, 19999.881275594234, 19999.924906134605], "episode_types": ["t", "t", "t", "t", "t", "t", "t", "t", "t", "t", "t", "t", "t", "t", "t", "t", "t", "t", "t", "t", "t", "t", "t", "t", "t", "t"]}