{"initial_reset_timestamp": 1552253721.942027, "timestamps": [1552253755.6502073, 1552253755.9060724, 1552253756.132285, 1552253756.3687449, 1552253756.590236, 1552253756.813538, 1552253757.03572, 1552253757.2532446, 1552253757.4726613, 1552253757.6965594, 1552253757.9106565, 1552253758.1483543, 1552253758.3634224, 1552253758.584999, 1552253758.8179917, 1552253759.0379071, 1552253759.258023, 1552253759.4792356, 1552253759.696329, 1552253759.9128816, 1552253760.129473, 1552253760.3473032, 1552253760.564561, 1552253760.7966542, 1552253761.0114698, 1552253761.2270193], "episode_lengths": [1000, 1000, 1000, 1000, 1000, 1000, 1000, 1000, 1000, 1000, 1000, 1000, 1000, 1000, 1000, 1000, 1000, 1000, 1000, 1000, 1000, 1000, 1000, 1000, 1000, 1000], "episode_rewards": [368.56617941614496, 386.7292716789101, 332.6249044419712, 370.1646548143522, 425.3004216485175, 333.41002511604313, 413.03475191436894, 359.8677719984098, 364.92225858710884, 373.11203928444525, 395.4258676667173, 342.7429673927271, 392.4730100123521, 336.65841900771983, 363.652318937493, 408.83691963568197, 416.87457854391107, 329.15526528957804, 323.70664521354945, 404.9503951312624, 376.14670124072256, 376.3515223922914, 370.6452757684799, 398.1589509429358, 355.6590369520254, 342.61176064883267], "episode_types": ["t", "t", "t", "t", "t", "t", "t", "t", "t", "t", "t", "t", "t", "t", "t", "t", "t", "t", "t", "t", "t", "t", "t", "t", "t", "t"]}