{"initial_reset_timestamp": 1548621133.943453, "timestamps": [1548621135.1479578, 1548621166.777525, 1548621200.52043, 1548621232.6024933, 1548621263.974063, 1548621283.103521, 1548621313.7299201, 1548621328.3995667, 1548621338.2200062, 1548621348.9009643, 1548621355.981606, 1548621361.7334063, 1548621367.7914548, 1548621372.6550574, 1548621378.4147496, 1548621383.3862014, 1548621391.6269772, 1548621400.331263, 1548621407.5353212, 1548621417.0091991, 1548621425.8368447, 1548621436.7475936, 1548621453.9190006, 1548621464.5268195, 1548621473.3196352, 1548621483.6514814, 1548621498.0891178, 1548621517.4410467, 1548621527.8881736, 1548621544.1868663, 1548621561.1907697, 1548621575.3070285, 1548621585.6661048, 1548621608.8083465, 1548621619.2890575, 1548621626.747876, 1548621633.501206, 1548621644.3052576, 1548621655.9938428, 1548621662.8536048, 1548621669.9715443, 1548621679.3477159, 1548621690.9293594, 1548621699.2299652, 1548621727.4782736, 1548621737.7942498, 1548621751.0929604, 1548621758.9609401, 1548621765.481326, 1548621779.3955014, 1548621789.6172998, 1548621800.5920765, 1548621812.8708448, 1548621823.6191595, 1548621842.1960948, 1548621856.3893814, 1548621868.6333418, 1548621892.9844115, 1548621903.2978961, 1548621911.0201936, 1548621919.0732248, 1548621927.1701438, 1548621935.2183974, 1548621945.2113204, 1548621952.0907993, 1548621963.6462185, 1548621972.6846194, 1548621980.9431038, 1548621996.2748861, 1548622010.9541724, 1548622020.341129, 1548622029.510544, 1548622042.1619353, 1548622048.8337693, 1548622057.9808152, 1548622072.5430725, 1548622092.505512, 1548622099.8302126, 1548622109.2175634, 1548622124.31412, 1548622137.3558366, 1548622143.7268622, 1548622152.5864437, 1548622163.1030135, 1548622181.8714938, 1548622189.2583432, 1548622198.445242, 1548622209.3627486, 1548622215.8117204, 1548622224.641848, 1548622231.180782, 1548622241.194723, 1548622251.9357674, 1548622258.4198375, 1548622265.5354338, 1548622271.5393548, 1548622278.7011042, 1548622287.410619, 1548622295.859738, 1548622304.090392, 1548622311.2360706, 1548622478.427752, 1548622481.0002108, 1548622481.5076377, 1548622484.0905676, 1548622484.70098, 1548622485.3031647, 1548622487.9629307, 1548622490.6126668, 1548622491.248478, 1548622491.8134265, 1548622494.6545334, 1548622497.528109, 1548622498.175018, 1548622498.8291905, 1548622499.4471211, 1548622499.9991605, 1548622502.5899582, 1548622503.1733959, 1548622505.7763062, 1548622506.3633144, 1548622508.9872878, 1548622511.6177802, 1548622512.2159338, 1548622512.8123195, 1548622515.4869795, 1548622516.153009], "episode_lengths": [7669, 10000, 10000, 9843, 10000, 6047, 10000, 4234, 2856, 3331, 2197, 1670, 1781, 1391, 1686, 1433, 2214, 2473, 2139, 2704, 2365, 3641, 5549, 3258, 2878, 3419, 4443, 5875, 3117, 4772, 4893, 4110, 3166, 6776, 3226, 2118, 1905, 2966, 3285, 2031, 2126, 2671, 3632, 2555, 8627, 3235, 4082, 2686, 1882, 3685, 2784, 3008, 4022, 3951, 6416, 4907, 4407, 8305, 3711, 2816, 2794, 2965, 2862, 3723, 2370, 3779, 3157, 3130, 5787, 5099, 3416, 3392, 4437, 2345, 3305, 5218, 6720, 2577, 3149, 5093, 4476, 2148, 3012, 3496, 6501, 2303, 2715, 3218, 1948, 2627, 1990, 2972, 3473, 1933, 2008, 1628, 2138, 2449, 2609, 2390, 2207, 10000, 10000, 1990, 10000, 2328, 2253, 10000, 10000, 2258, 1978, 10000, 10000, 2256, 2376, 2226, 1976, 10000, 2285, 10000, 2293, 10000, 10000, 2260, 2245, 10000, 2445], "episode_rewards": [562.2874713540077, 192.19251817464828, 525.436443567276, 740.401592195034, 328.3800232410431, 836.1232221126556, 1447.8370597362518, 697.7337205410004, 546.1452505588531, 614.6978296935558, 425.33259123563766, 432.6174363642931, 393.3482454121113, 342.12620863318443, 454.2412753403187, 345.17903369665146, 631.3037428408861, 712.7628044188023, 689.4418916031718, 994.054840579629, 946.3118098954437, 1622.5220329139265, 2451.237563957693, 1698.678179162438, 1723.2709593785694, 1802.6030776039115, 2399.6593132655544, 3800.806644442104, 2378.6875750421896, 3804.8460982888646, 4218.859367615347, 4431.259132906591, 2652.9869083598314, 7001.666095459135, 3183.211364426621, 1814.422996798763, 774.7116291842249, 2795.8131831530336, 2549.0971446423428, 1751.6141882664524, 1497.2371138510061, 2401.594055041409, 3015.0415230543585, 1903.7639767652436, 9309.522442585076, 3478.092306769191, 4969.938745064428, 2621.8616466558888, 1318.864729263354, 4091.4297945433646, 2466.3463542704703, 2576.073499141592, 4306.481566468778, 3520.5927176711193, 5611.938796456649, 4522.8889536218485, 3952.526768935437, 6962.1877900779145, 3150.585151318315, 1988.5701616996084, 1684.4074368677102, 2496.486579284494, 2443.449563666072, 1975.2311680819257, 1280.7095539132715, 2078.5288862445814, 2375.319483615953, 2369.8862581341527, 5063.752859842389, 3568.6807286432595, 3435.921215821523, 3253.550589169783, 4627.142129994456, 1915.706890327332, 3098.938722020801, 5548.9086276488815, 7623.35037839986, 2261.3094866950414, 2933.973283640662, 5900.995781777194, 4676.261075466522, 1954.7779092286946, 2987.69178592728, 3527.6322195191606, 8224.369683232944, 2185.865484603157, 2187.4460436457302, 2704.3451435026946, 1437.3673111549579, 2183.940529044601, 1354.0157245015725, 2775.95734333375, 2948.347238325514, 1466.7962237019092, 1464.6176534108527, 1289.4317293989006, 1601.9855774132302, 1986.1247342263232, 2041.1679866301129, 1914.6472040705848, 1720.1230308242102, 12976.931011642575, 13994.15277448381, 2291.2962889175396, 14237.391071185062, 2766.4837702788645, 2594.4850648901192, 12999.816366072715, 14100.939065193292, 2611.1927127868403, 2254.5023131415946, 12994.896041717227, 14006.100010972616, 2593.643094454863, 2897.337349761161, 2538.828703664709, 2270.0304927495017, 14068.542136327596, 2676.3047585678287, 13997.103778920573, 2684.4840089698628, 13032.56976957171, 13976.31970952054, 2617.6897756994003, 2598.2193153421395, 12809.910993795318, 3109.490426663775], "episode_types": ["t", "t", "t", "t", "t", "t", "t", "t", "t", "t", "t", "t", "t", "t", "t", "t", "t", "t", "t", "t", "t", "t", "t", "t", "t", "t", "t", "t", "t", "t", "t", "t", "t", "t", "t", "t", "t", "t", "t", "t", "t", "t", "t", "t", "t", "t", "t", "t", "t", "t", "t", "t", "t", "t", "t", "t", "t", "t", "t", "t", "t", "t", "t", "t", "t", "t", "t", "t", "t", "t", "t", "t", "t", "t", "t", "t", "t", "t", "t", "t", "t", "t", "t", "t", "t", "t", "t", "t", "t", "t", "t", "t", "t", "t", "t", "t", "t", "t", "t", "t", "t", "t", "t", "t", "t", "t", "t", "t", "t", "t", "t", "t", "t", "t", "t", "t", "t", "t", "t", "t", "t", "t", "t", "t", "t", "t", "t", "t"]}